Video Path,True Label,Predicted Label,Accident Probability,Confidence,Correct
"/home/23ucs623/accident/NiAD_Large_Videos/Testing/Normal/000515_1_N.mp4",Normal,Accident,0.6522,0.6522,No
"/home/23ucs623/accident/NiAD_Large_Videos/Testing/Normal/000515_4_N.mp4",Normal,Accident,0.7432,0.7432,No
"/home/23ucs623/accident/NiAD_Large_Videos/Testing/Normal/000516_1_N.mp4",Normal,Accident,0.7011,0.7011,No
"/home/23ucs623/accident/NiAD_Large_Videos/Testing/Normal/000516_2_N.mp4",Normal,Accident,0.6575,0.6575,No
"/home/23ucs623/accident/NiAD_Large_Videos/Testing/Normal/000567_1_N.mp4",Normal,Accident,0.7139,0.7139,No
"/home/23ucs623/accident/NiAD_Large_Videos/Testing/Normal/000567_2_N.mp4",Normal,Accident,0.6924,0.6924,No
"/home/23ucs623/accident/NiAD_Large_Videos/Testing/Normal/000585_1_N.mp4",Normal,Accident,0.6172,0.6172,No
"/home/23ucs623/accident/NiAD_Large_Videos/Testing/Normal/000585_2_N.mp4",Normal,Accident,0.6156,0.6156,No
"/home/23ucs623/accident/NiAD_Large_Videos/Testing/Normal/000589_1_N.mp4",Normal,Accident,0.6663,0.6663,No
"/home/23ucs623/accident/NiAD_Large_Videos/Testing/Normal/000589_2_N.mp4",Normal,Accident,0.6427,0.6427,No
"/home/23ucs623/accident/NiAD_Large_Videos/Testing/Normal/000589_4_N.mp4",Normal,Accident,0.6208,0.6208,No
"/home/23ucs623/accident/NiAD_Large_Videos/Testing/Normal/000600_1_N.mp4",Normal,Normal,0.4125,0.5875,Yes
"/home/23ucs623/accident/NiAD_Large_Videos/Testing/Normal/000600_2_N.mp4",Normal,Accident,0.5580,0.5580,No
"/home/23ucs623/accident/NiAD_Large_Videos/Testing/Normal/04NGOVTHOSTEL-2_-_Cam_Input_01_-_01-05-22_042304_XVID_25_N.mp4",Normal,Accident,0.5422,0.5422,No
"/home/23ucs623/accident/NiAD_Large_Videos/Testing/Normal/04NGOVTHOSTEL-2_-_Cam_Input_01_-_01-05-22_042304_XVID_10_N.mp4",Normal,Normal,0.4721,0.5279,Yes
"/home/23ucs623/accident/NiAD_Large_Videos/Testing/Normal/04NGOVTHOSTEL-2_-_Cam_Input_01_-_01-05-22_042304_XVID_26_N.mp4",Normal,Accident,0.5133,0.5133,No
"/home/23ucs623/accident/NiAD_Large_Videos/Testing/Normal/04NGOVTHOSTEL-2_-_Cam_Input_01_-_01-05-22_042304_XVID_11_N.mp4",Normal,Normal,0.4833,0.5167,Yes
"/home/23ucs623/accident/NiAD_Large_Videos/Testing/Normal/04NGOVTHOSTEL-2_-_Cam_Input_01_-_01-05-22_042304_XVID_2_N.mp4",Normal,Accident,0.5521,0.5521,No
"/home/23ucs623/accident/NiAD_Large_Videos/Testing/Normal/04NGOVTHOSTEL-2_-_Cam_Input_01_-_01-05-22_042304_XVID_12_N.mp4",Normal,Normal,0.4897,0.5103,Yes
"/home/23ucs623/accident/NiAD_Large_Videos/Testing/Normal/04NGOVTHOSTEL-2_-_Cam_Input_01_-_01-05-22_042304_XVID_6_N.mp4",Normal,Accident,0.5612,0.5612,No
"/home/23ucs623/accident/NiAD_Large_Videos/Testing/Normal/04NGOVTHOSTEL-2_-_Cam_Input_01_-_01-05-22_042304_XVID_13_N.mp4",Normal,Normal,0.4784,0.5216,Yes
"/home/23ucs623/accident/NiAD_Large_Videos/Testing/Normal/04NGOVTHOSTEL-2_-_Cam_Input_01_-_01-05-22_042304_XVID_5_N.mp4",Normal,Accident,0.5635,0.5635,No
"/home/23ucs623/accident/NiAD_Large_Videos/Testing/Normal/04NGOVTHOSTEL-2_-_Cam_Input_01_-_01-05-22_042304_XVID_14_N.mp4",Normal,Normal,0.4509,0.5491,Yes
"/home/23ucs623/accident/NiAD_Large_Videos/Testing/Normal/04NGOVTHOSTEL-2_-_Cam_Input_01_-_01-05-22_042304_XVID_7_N.mp4",Normal,Accident,0.5711,0.5711,No
"/home/23ucs623/accident/NiAD_Large_Videos/Testing/Normal/04NGOVTHOSTEL-2_-_Cam_Input_01_-_01-05-22_042304_XVID_15_N.mp4",Normal,Normal,0.4880,0.5120,Yes
"/home/23ucs623/accident/NiAD_Large_Videos/Testing/Normal/04NGOVTHOSTEL-2_-_Cam_Input_01_-_01-05-22_042304_XVID_8_N.mp4",Normal,Accident,0.5174,0.5174,No
"/home/23ucs623/accident/NiAD_Large_Videos/Testing/Normal/04NGOVTHOSTEL-2_-_Cam_Input_01_-_01-05-22_042304_XVID_16_N.mp4",Normal,Normal,0.4847,0.5153,Yes
"/home/23ucs623/accident/NiAD_Large_Videos/Testing/Normal/04NGOVTHOSTEL-2_-_Cam_Input_01_-_01-05-22_042304_XVID_9_N.mp4",Normal,Normal,0.4698,0.5302,Yes
"/home/23ucs623/accident/NiAD_Large_Videos/Testing/Normal/04NGOVTHOSTEL-2_-_Cam_Input_01_-_01-05-22_042304_XVID_17_N.mp4",Normal,Normal,0.4929,0.5071,Yes
"/home/23ucs623/accident/NiAD_Large_Videos/Testing/Normal/04wGOVTHOSTEL_-_Cam_Input_01_-_01-05-22_042304_XVID_10_N.mp4",Normal,Accident,0.6332,0.6332,No
"/home/23ucs623/accident/NiAD_Large_Videos/Testing/Normal/04NGOVTHOSTEL-2_-_Cam_Input_01_-_01-05-22_042304_XVID_18_N.mp4",Normal,Normal,0.4968,0.5032,Yes
"/home/23ucs623/accident/NiAD_Large_Videos/Testing/Normal/04wGOVTHOSTEL_-_Cam_Input_01_-_01-05-22_042304_XVID_11_N.mp4",Normal,Accident,0.6477,0.6477,No
"/home/23ucs623/accident/NiAD_Large_Videos/Testing/Normal/04NGOVTHOSTEL-2_-_Cam_Input_01_-_01-05-22_042304_XVID_19_N.mp4",Normal,Normal,0.4985,0.5015,Yes
"/home/23ucs623/accident/NiAD_Large_Videos/Testing/Normal/04wGOVTHOSTEL_-_Cam_Input_01_-_01-05-22_042304_XVID_12_N.mp4",Normal,Accident,0.6524,0.6524,No
"/home/23ucs623/accident/NiAD_Large_Videos/Testing/Normal/04NGOVTHOSTEL-2_-_Cam_Input_01_-_01-05-22_042304_XVID_1_N.mp4",Normal,Accident,0.5412,0.5412,No
"/home/23ucs623/accident/NiAD_Large_Videos/Testing/Normal/04wGOVTHOSTEL_-_Cam_Input_01_-_01-05-22_042304_XVID_13_N.mp4",Normal,Accident,0.6446,0.6446,No
"/home/23ucs623/accident/NiAD_Large_Videos/Testing/Normal/04NGOVTHOSTEL-2_-_Cam_Input_01_-_01-05-22_042304_XVID_20_N.mp4",Normal,Normal,0.4984,0.5016,Yes
"/home/23ucs623/accident/NiAD_Large_Videos/Testing/Normal/04wGOVTHOSTEL_-_Cam_Input_01_-_01-05-22_042304_XVID_14_N.mp4",Normal,Accident,0.6574,0.6574,No
"/home/23ucs623/accident/NiAD_Large_Videos/Testing/Normal/04NGOVTHOSTEL-2_-_Cam_Input_01_-_01-05-22_042304_XVID_21_N.mp4",Normal,Normal,0.4993,0.5007,Yes
"/home/23ucs623/accident/NiAD_Large_Videos/Testing/Normal/04wGOVTHOSTEL_-_Cam_Input_01_-_01-05-22_042304_XVID_15_N.mp4",Normal,Accident,0.6425,0.6425,No
"/home/23ucs623/accident/NiAD_Large_Videos/Testing/Normal/04NGOVTHOSTEL-2_-_Cam_Input_01_-_01-05-22_042304_XVID_22_N.mp4",Normal,Accident,0.5049,0.5049,No
"/home/23ucs623/accident/NiAD_Large_Videos/Testing/Normal/04wGOVTHOSTEL_-_Cam_Input_01_-_01-05-22_042304_XVID_18_N.mp4",Normal,Accident,0.6317,0.6317,No
"/home/23ucs623/accident/NiAD_Large_Videos/Testing/Normal/04NGOVTHOSTEL-2_-_Cam_Input_01_-_01-05-22_042304_XVID_23_N.mp4",Normal,Accident,0.5225,0.5225,No
"/home/23ucs623/accident/NiAD_Large_Videos/Testing/Normal/04wGOVTHOSTEL_-_Cam_Input_01_-_01-05-22_042304_XVID_19_N.mp4",Normal,Accident,0.6436,0.6436,No
"/home/23ucs623/accident/NiAD_Large_Videos/Testing/Normal/04NGOVTHOSTEL-2_-_Cam_Input_01_-_01-05-22_042304_XVID_24_N.mp4",Normal,Accident,0.5331,0.5331,No
"/home/23ucs623/accident/NiAD_Large_Videos/Testing/Normal/04wGOVTHOSTEL_-_Cam_Input_01_-_01-05-22_042304_XVID_16_N.mp4",Normal,Accident,0.6312,0.6312,No
"/home/23ucs623/accident/NiAD_Large_Videos/Testing/Normal/04wGOVTHOSTEL_-_Cam_Input_01_-_01-05-22_042304_XVID_1_N.mp4",Normal,Accident,0.6418,0.6418,No
"/home/23ucs623/accident/NiAD_Large_Videos/Testing/Normal/04wGOVTHOSTEL_-_Cam_Input_01_-_01-05-22_042304_XVID_17_N.mp4",Normal,Accident,0.6256,0.6256,No
"/home/23ucs623/accident/NiAD_Large_Videos/Testing/Normal/23OTS-2_-_Cam_Input_01_-_08-01-21_223800_XVID_100_N.mp4",Normal,Accident,0.5391,0.5391,No
"/home/23ucs623/accident/NiAD_Large_Videos/Testing/Normal/23OTS-2_-_Cam_Input_01_-_08-01-21_223800_XVID_10_N.mp4",Normal,Normal,0.3156,0.6844,Yes
"/home/23ucs623/accident/NiAD_Large_Videos/Testing/Normal/04wGOVTHOSTEL_-_Cam_Input_01_-_01-05-22_042304_XVID_20_N.mp4",Normal,Accident,0.6419,0.6419,No
"/home/23ucs623/accident/NiAD_Large_Videos/Testing/Normal/04wGOVTHOSTEL_-_Cam_Input_01_-_01-05-22_042304_XVID_21_N.mp4",Normal,Accident,0.6378,0.6378,No
"/home/23ucs623/accident/NiAD_Large_Videos/Testing/Normal/04wGOVTHOSTEL_-_Cam_Input_01_-_01-05-22_042304_XVID_22_N.mp4",Normal,Accident,0.6376,0.6376,No
"/home/23ucs623/accident/NiAD_Large_Videos/Testing/Normal/04wGOVTHOSTEL_-_Cam_Input_01_-_01-05-22_042304_XVID_23_N.mp4",Normal,Accident,0.6299,0.6299,No
"/home/23ucs623/accident/NiAD_Large_Videos/Testing/Normal/04wGOVTHOSTEL_-_Cam_Input_01_-_01-05-22_042304_XVID_24_N.mp4",Normal,Accident,0.6260,0.6260,No
"/home/23ucs623/accident/NiAD_Large_Videos/Testing/Normal/04wGOVTHOSTEL_-_Cam_Input_01_-_01-05-22_042304_XVID_25_N.mp4",Normal,Accident,0.5975,0.5975,No
"/home/23ucs623/accident/NiAD_Large_Videos/Testing/Normal/04wGOVTHOSTEL_-_Cam_Input_01_-_01-05-22_042304_XVID_26_N.mp4",Normal,Accident,0.6211,0.6211,No
"/home/23ucs623/accident/NiAD_Large_Videos/Testing/Normal/04wGOVTHOSTEL_-_Cam_Input_01_-_01-05-22_042304_XVID_2_N.mp4",Normal,Accident,0.6619,0.6619,No
"/home/23ucs623/accident/NiAD_Large_Videos/Testing/Normal/04wGOVTHOSTEL_-_Cam_Input_01_-_01-05-22_042304_XVID_5_N.mp4",Normal,Accident,0.6414,0.6414,No
"/home/23ucs623/accident/NiAD_Large_Videos/Testing/Normal/04wGOVTHOSTEL_-_Cam_Input_01_-_01-05-22_042304_XVID_6_N.mp4",Normal,Accident,0.6627,0.6627,No
"/home/23ucs623/accident/NiAD_Large_Videos/Testing/Normal/04wGOVTHOSTEL_-_Cam_Input_01_-_01-05-22_042304_XVID_7_N.mp4",Normal,Accident,0.6685,0.6685,No
"/home/23ucs623/accident/NiAD_Large_Videos/Testing/Normal/04wGOVTHOSTEL_-_Cam_Input_01_-_01-05-22_042304_XVID_8_N.mp4",Normal,Accident,0.6514,0.6514,No
"/home/23ucs623/accident/NiAD_Large_Videos/Testing/Normal/04wGOVTHOSTEL_-_Cam_Input_01_-_01-05-22_042304_XVID_9_N.mp4",Normal,Accident,0.6415,0.6415,No
"/home/23ucs623/accident/NiAD_Large_Videos/Testing/Normal/04wGOVTHOSTEL_-_Cam_Input_01_-_11-10-19_045345_XVID_10_N.mp4",Normal,Normal,0.4470,0.5530,Yes
"/home/23ucs623/accident/NiAD_Large_Videos/Testing/Normal/04wGOVTHOSTEL_-_Cam_Input_01_-_11-10-19_045345_XVID_11_N.mp4",Normal,Normal,0.4117,0.5883,Yes
"/home/23ucs623/accident/NiAD_Large_Videos/Testing/Normal/04wGOVTHOSTEL_-_Cam_Input_01_-_11-10-19_045345_XVID_12_N.mp4",Normal,Normal,0.4264,0.5736,Yes
"/home/23ucs623/accident/NiAD_Large_Videos/Testing/Normal/04wGOVTHOSTEL_-_Cam_Input_01_-_11-10-19_045345_XVID_13_N.mp4",Normal,Normal,0.4365,0.5635,Yes
"/home/23ucs623/accident/NiAD_Large_Videos/Testing/Normal/04wGOVTHOSTEL_-_Cam_Input_01_-_11-10-19_045345_XVID_14_N.mp4",Normal,Normal,0.4693,0.5307,Yes
"/home/23ucs623/accident/NiAD_Large_Videos/Testing/Normal/04wGOVTHOSTEL_-_Cam_Input_01_-_11-10-19_045345_XVID_15_N.mp4",Normal,Accident,0.5008,0.5008,No
"/home/23ucs623/accident/NiAD_Large_Videos/Testing/Normal/04wGOVTHOSTEL_-_Cam_Input_01_-_11-10-19_045345_XVID_16_N.mp4",Normal,Accident,0.5097,0.5097,No
"/home/23ucs623/accident/NiAD_Large_Videos/Testing/Normal/04wGOVTHOSTEL_-_Cam_Input_01_-_11-10-19_045345_XVID_17_N.mp4",Normal,Normal,0.4970,0.5030,Yes
"/home/23ucs623/accident/NiAD_Large_Videos/Testing/Normal/04wGOVTHOSTEL_-_Cam_Input_01_-_11-10-19_045345_XVID_18_N.mp4",Normal,Normal,0.4951,0.5049,Yes
"/home/23ucs623/accident/NiAD_Large_Videos/Testing/Normal/04wGOVTHOSTEL_-_Cam_Input_01_-_11-10-19_045345_XVID_19_N.mp4",Normal,Normal,0.4817,0.5183,Yes
"/home/23ucs623/accident/NiAD_Large_Videos/Testing/Normal/04wGOVTHOSTEL_-_Cam_Input_01_-_11-10-19_045345_XVID_1_N.mp4",Normal,Normal,0.4114,0.5886,Yes
"/home/23ucs623/accident/NiAD_Large_Videos/Testing/Normal/04wGOVTHOSTEL_-_Cam_Input_01_-_11-10-19_045345_XVID_20_N.mp4",Normal,Normal,0.4596,0.5404,Yes
"/home/23ucs623/accident/NiAD_Large_Videos/Testing/Normal/04wGOVTHOSTEL_-_Cam_Input_01_-_11-10-19_045345_XVID_21_N.mp4",Normal,Normal,0.4305,0.5695,Yes
"/home/23ucs623/accident/NiAD_Large_Videos/Testing/Normal/04wGOVTHOSTEL_-_Cam_Input_01_-_11-10-19_045345_XVID_22_N.mp4",Normal,Normal,0.3576,0.6424,Yes
"/home/23ucs623/accident/NiAD_Large_Videos/Testing/Normal/04wGOVTHOSTEL_-_Cam_Input_01_-_11-10-19_045345_XVID_23_N.mp4",Normal,Normal,0.3904,0.6096,Yes
"/home/23ucs623/accident/NiAD_Large_Videos/Testing/Normal/04wGOVTHOSTEL_-_Cam_Input_01_-_11-10-19_045345_XVID_24_N.mp4",Normal,Normal,0.3722,0.6278,Yes
"/home/23ucs623/accident/NiAD_Large_Videos/Testing/Normal/04wGOVTHOSTEL_-_Cam_Input_01_-_11-10-19_045345_XVID_25_N.mp4",Normal,Normal,0.3532,0.6468,Yes
"/home/23ucs623/accident/NiAD_Large_Videos/Testing/Normal/04wGOVTHOSTEL_-_Cam_Input_01_-_11-10-19_045345_XVID_26_N.mp4",Normal,Normal,0.3570,0.6430,Yes
"/home/23ucs623/accident/NiAD_Large_Videos/Testing/Normal/04wGOVTHOSTEL_-_Cam_Input_01_-_11-10-19_045345_XVID_27_N.mp4",Normal,Normal,0.3751,0.6249,Yes
"/home/23ucs623/accident/NiAD_Large_Videos/Testing/Normal/04wGOVTHOSTEL_-_Cam_Input_01_-_11-10-19_045345_XVID_28_N.mp4",Normal,Normal,0.3992,0.6008,Yes
"/home/23ucs623/accident/NiAD_Large_Videos/Testing/Normal/04wGOVTHOSTEL_-_Cam_Input_01_-_11-10-19_045345_XVID_29_N.mp4",Normal,Normal,0.4210,0.5790,Yes
"/home/23ucs623/accident/NiAD_Large_Videos/Testing/Normal/04wGOVTHOSTEL_-_Cam_Input_01_-_11-10-19_045345_XVID_2_N.mp4",Normal,Normal,0.3884,0.6116,Yes
"/home/23ucs623/accident/NiAD_Large_Videos/Testing/Normal/04wGOVTHOSTEL_-_Cam_Input_01_-_11-10-19_045345_XVID_30_N.mp4",Normal,Normal,0.4461,0.5539,Yes
"/home/23ucs623/accident/NiAD_Large_Videos/Testing/Normal/04wGOVTHOSTEL_-_Cam_Input_01_-_11-10-19_045345_XVID_3_N.mp4",Normal,Normal,0.3798,0.6202,Yes
"/home/23ucs623/accident/NiAD_Large_Videos/Testing/Normal/04wGOVTHOSTEL_-_Cam_Input_01_-_11-10-19_045345_XVID_4_N.mp4",Normal,Normal,0.4056,0.5944,Yes
"/home/23ucs623/accident/NiAD_Large_Videos/Testing/Normal/04wGOVTHOSTEL_-_Cam_Input_01_-_11-10-19_045345_XVID_5_N.mp4",Normal,Normal,0.3648,0.6352,Yes
"/home/23ucs623/accident/NiAD_Large_Videos/Testing/Normal/23OTS-2_-_Cam_Input_01_-_08-01-21_223800_XVID_11_N.mp4",Normal,Normal,0.3028,0.6972,Yes
"/home/23ucs623/accident/NiAD_Large_Videos/Testing/Normal/23OTS-2_-_Cam_Input_01_-_08-01-21_223800_XVID_12_N.mp4",Normal,Normal,0.3299,0.6701,Yes
"/home/23ucs623/accident/NiAD_Large_Videos/Testing/Normal/23OTS-2_-_Cam_Input_01_-_08-01-21_223800_XVID_13_N.mp4",Normal,Normal,0.2477,0.7523,Yes
"/home/23ucs623/accident/NiAD_Large_Videos/Testing/Normal/23OTS-2_-_Cam_Input_01_-_08-01-21_223800_XVID_24_N.mp4",Normal,Normal,0.2698,0.7302,Yes
"/home/23ucs623/accident/NiAD_Large_Videos/Testing/Normal/23OTS-2_-_Cam_Input_01_-_08-01-21_223800_XVID_17_N.mp4",Normal,Normal,0.3888,0.6112,Yes
"/home/23ucs623/accident/NiAD_Large_Videos/Testing/Normal/23OTS-2_-_Cam_Input_01_-_08-01-21_223800_XVID_25_N.mp4",Normal,Normal,0.2581,0.7419,Yes
"/home/23ucs623/accident/NiAD_Large_Videos/Testing/Normal/23OTS-2_-_Cam_Input_01_-_08-01-21_223800_XVID_18_N.mp4",Normal,Normal,0.3725,0.6275,Yes
"/home/23ucs623/accident/NiAD_Large_Videos/Testing/Normal/23OTS-2_-_Cam_Input_01_-_08-01-21_223800_XVID_26_N.mp4",Normal,Normal,0.2961,0.7039,Yes
"/home/23ucs623/accident/NiAD_Large_Videos/Testing/Normal/23OTS-2_-_Cam_Input_01_-_08-01-21_223800_XVID_19_N.mp4",Normal,Normal,0.3360,0.6640,Yes
"/home/23ucs623/accident/NiAD_Large_Videos/Testing/Normal/23OTS-2_-_Cam_Input_01_-_08-01-21_223800_XVID_27_N.mp4",Normal,Normal,0.2250,0.7750,Yes
"/home/23ucs623/accident/NiAD_Large_Videos/Testing/Normal/23OTS-2_-_Cam_Input_01_-_08-01-21_223800_XVID_1_N.mp4",Normal,Normal,0.3852,0.6148,Yes
"/home/23ucs623/accident/NiAD_Large_Videos/Testing/Normal/23OTS-2_-_Cam_Input_01_-_08-01-21_223800_XVID_28_N.mp4",Normal,Normal,0.1931,0.8069,Yes
"/home/23ucs623/accident/NiAD_Large_Videos/Testing/Normal/23OTS-2_-_Cam_Input_01_-_08-01-21_223800_XVID_20_N.mp4",Normal,Normal,0.3566,0.6434,Yes
"/home/23ucs623/accident/NiAD_Large_Videos/Testing/Normal/23OTS-2_-_Cam_Input_01_-_08-01-21_223800_XVID_21_N.mp4",Normal,Normal,0.3548,0.6452,Yes
"/home/23ucs623/accident/NiAD_Large_Videos/Testing/Normal/23OTS-2_-_Cam_Input_01_-_08-01-21_223800_XVID_22_N.mp4",Normal,Normal,0.3371,0.6629,Yes
"/home/23ucs623/accident/NiAD_Large_Videos/Testing/Normal/23OTS-2_-_Cam_Input_01_-_08-01-21_223800_XVID_23_N.mp4",Normal,Normal,0.3024,0.6976,Yes
"/home/23ucs623/accident/NiAD_Large_Videos/Testing/Normal/23OTS-2_-_Cam_Input_01_-_08-01-21_223800_XVID_29_N.mp4",Normal,Normal,0.2136,0.7864,Yes
"/home/23ucs623/accident/NiAD_Large_Videos/Testing/Normal/23OTS-2_-_Cam_Input_01_-_08-01-21_223800_XVID_65_N.mp4",Normal,Normal,0.3230,0.6770,Yes
"/home/23ucs623/accident/NiAD_Large_Videos/Testing/Normal/23OTS-2_-_Cam_Input_01_-_08-01-21_223800_XVID_2_N.mp4",Normal,Normal,0.3889,0.6111,Yes
"/home/23ucs623/accident/NiAD_Large_Videos/Testing/Normal/23OTS-2_-_Cam_Input_01_-_08-01-21_223800_XVID_30_N.mp4",Normal,Normal,0.2065,0.7935,Yes
"/home/23ucs623/accident/NiAD_Large_Videos/Testing/Normal/23OTS-2_-_Cam_Input_01_-_08-01-21_223800_XVID_31_N.mp4",Normal,Normal,0.2175,0.7825,Yes
"/home/23ucs623/accident/NiAD_Large_Videos/Testing/Normal/23OTS-2_-_Cam_Input_01_-_08-01-21_223800_XVID_32_N.mp4",Normal,Normal,0.2183,0.7817,Yes
"/home/23ucs623/accident/NiAD_Large_Videos/Testing/Normal/23OTS-2_-_Cam_Input_01_-_08-01-21_223800_XVID_33_N.mp4",Normal,Normal,0.2460,0.7540,Yes
"/home/23ucs623/accident/NiAD_Large_Videos/Testing/Normal/23OTS-2_-_Cam_Input_01_-_08-01-21_223800_XVID_34_N.mp4",Normal,Normal,0.2532,0.7468,Yes
"/home/23ucs623/accident/NiAD_Large_Videos/Testing/Normal/23OTS-2_-_Cam_Input_01_-_08-01-21_223800_XVID_64_N.mp4",Normal,Normal,0.3227,0.6773,Yes
"/home/23ucs623/accident/NiAD_Large_Videos/Testing/Normal/23OTS-2_-_Cam_Input_01_-_08-01-21_223800_XVID_35_N.mp4",Normal,Normal,0.3376,0.6624,Yes
"/home/23ucs623/accident/NiAD_Large_Videos/Testing/Normal/23OTS-2_-_Cam_Input_01_-_08-01-21_223800_XVID_66_N.mp4",Normal,Normal,0.2955,0.7045,Yes
"/home/23ucs623/accident/NiAD_Large_Videos/Testing/Normal/23OTS-2_-_Cam_Input_01_-_08-01-21_223800_XVID_36_N.mp4",Normal,Normal,0.3386,0.6614,Yes
"/home/23ucs623/accident/NiAD_Large_Videos/Testing/Normal/23OTS-2_-_Cam_Input_01_-_08-01-21_223800_XVID_67_N.mp4",Normal,Normal,0.2924,0.7076,Yes
"/home/23ucs623/accident/NiAD_Large_Videos/Testing/Normal/23OTS-2_-_Cam_Input_01_-_08-01-21_223800_XVID_37_N.mp4",Normal,Normal,0.3249,0.6751,Yes
"/home/23ucs623/accident/NiAD_Large_Videos/Testing/Normal/23OTS-2_-_Cam_Input_01_-_08-01-21_223800_XVID_38_N.mp4",Normal,Normal,0.3630,0.6370,Yes
"/home/23ucs623/accident/NiAD_Large_Videos/Testing/Normal/23OTS-2_-_Cam_Input_01_-_08-01-21_223800_XVID_39_N.mp4",Normal,Normal,0.3446,0.6554,Yes
"/home/23ucs623/accident/NiAD_Large_Videos/Testing/Normal/23OTS-2_-_Cam_Input_01_-_08-01-21_223800_XVID_3_N.mp4",Normal,Normal,0.3132,0.6868,Yes
"/home/23ucs623/accident/NiAD_Large_Videos/Testing/Normal/23OTS-2_-_Cam_Input_01_-_08-01-21_223800_XVID_68_N.mp4",Normal,Normal,0.2645,0.7355,Yes
"/home/23ucs623/accident/NiAD_Large_Videos/Testing/Normal/23OTS-2_-_Cam_Input_01_-_08-01-21_223800_XVID_40_N.mp4",Normal,Normal,0.4082,0.5918,Yes
"/home/23ucs623/accident/NiAD_Large_Videos/Testing/Normal/23OTS-2_-_Cam_Input_01_-_08-01-21_223800_XVID_69_N.mp4",Normal,Normal,0.3077,0.6923,Yes
"/home/23ucs623/accident/NiAD_Large_Videos/Testing/Normal/23OTS-2_-_Cam_Input_01_-_08-01-21_223800_XVID_41_N.mp4",Normal,Normal,0.4101,0.5899,Yes
"/home/23ucs623/accident/NiAD_Large_Videos/Testing/Normal/23OTS-2_-_Cam_Input_01_-_08-01-21_223800_XVID_42_N.mp4",Normal,Normal,0.4087,0.5913,Yes
"/home/23ucs623/accident/NiAD_Large_Videos/Testing/Normal/23OTS-2_-_Cam_Input_01_-_08-01-21_223800_XVID_43_N.mp4",Normal,Normal,0.4012,0.5988,Yes
"/home/23ucs623/accident/NiAD_Large_Videos/Testing/Normal/23OTS-2_-_Cam_Input_01_-_08-01-21_223800_XVID_44_N.mp4",Normal,Normal,0.3857,0.6143,Yes
"/home/23ucs623/accident/NiAD_Large_Videos/Testing/Normal/23OTS-2_-_Cam_Input_01_-_08-01-21_223800_XVID_45_N.mp4",Normal,Normal,0.3747,0.6253,Yes
"/home/23ucs623/accident/NiAD_Large_Videos/Testing/Normal/23OTS-2_-_Cam_Input_01_-_08-01-21_223800_XVID_46_N.mp4",Normal,Normal,0.3753,0.6247,Yes
"/home/23ucs623/accident/NiAD_Large_Videos/Testing/Normal/23OTS-2_-_Cam_Input_01_-_08-01-21_223800_XVID_47_N.mp4",Normal,Normal,0.3751,0.6249,Yes
"/home/23ucs623/accident/NiAD_Large_Videos/Testing/Normal/23OTS-2_-_Cam_Input_01_-_08-01-21_223800_XVID_48_N.mp4",Normal,Normal,0.3445,0.6555,Yes
"/home/23ucs623/accident/NiAD_Large_Videos/Testing/Normal/23OTS-2_-_Cam_Input_01_-_08-01-21_223800_XVID_49_N.mp4",Normal,Normal,0.3413,0.6587,Yes
"/home/23ucs623/accident/NiAD_Large_Videos/Testing/Normal/23OTS-2_-_Cam_Input_01_-_08-01-21_223800_XVID_6_N.mp4",Normal,Normal,0.3757,0.6243,Yes
"/home/23ucs623/accident/NiAD_Large_Videos/Testing/Normal/23OTS-2_-_Cam_Input_01_-_08-01-21_223800_XVID_4_N.mp4",Normal,Normal,0.3574,0.6426,Yes
"/home/23ucs623/accident/NiAD_Large_Videos/Testing/Normal/23OTS-2_-_Cam_Input_01_-_08-01-21_223800_XVID_50_N.mp4",Normal,Normal,0.3672,0.6328,Yes
"/home/23ucs623/accident/NiAD_Large_Videos/Testing/Normal/23OTS-2_-_Cam_Input_01_-_08-01-21_223800_XVID_51_N.mp4",Normal,Normal,0.3810,0.6190,Yes
"/home/23ucs623/accident/NiAD_Large_Videos/Testing/Normal/23OTS-2_-_Cam_Input_01_-_08-01-21_223800_XVID_52_N.mp4",Normal,Normal,0.3977,0.6023,Yes
"/home/23ucs623/accident/NiAD_Large_Videos/Testing/Normal/23OTS-2_-_Cam_Input_01_-_08-01-21_223800_XVID_53_N.mp4",Normal,Normal,0.3969,0.6031,Yes
"/home/23ucs623/accident/NiAD_Large_Videos/Testing/Normal/23OTS-2_-_Cam_Input_01_-_08-01-21_223800_XVID_54_N.mp4",Normal,Normal,0.3809,0.6191,Yes
"/home/23ucs623/accident/NiAD_Large_Videos/Testing/Normal/23OTS-2_-_Cam_Input_01_-_08-01-21_223800_XVID_55_N.mp4",Normal,Normal,0.3295,0.6705,Yes
"/home/23ucs623/accident/NiAD_Large_Videos/Testing/Normal/23OTS-2_-_Cam_Input_01_-_08-01-21_223800_XVID_70_N.mp4",Normal,Normal,0.3336,0.6664,Yes
"/home/23ucs623/accident/NiAD_Large_Videos/Testing/Normal/23OTS-2_-_Cam_Input_01_-_08-01-21_223800_XVID_56_N.mp4",Normal,Normal,0.3300,0.6700,Yes
"/home/23ucs623/accident/NiAD_Large_Videos/Testing/Normal/23OTS-2_-_Cam_Input_01_-_08-01-21_223800_XVID_71_N.mp4",Normal,Normal,0.3458,0.6542,Yes
"/home/23ucs623/accident/NiAD_Large_Videos/Testing/Normal/23OTS-2_-_Cam_Input_01_-_08-01-21_223800_XVID_57_N.mp4",Normal,Normal,0.3304,0.6696,Yes
"/home/23ucs623/accident/NiAD_Large_Videos/Testing/Normal/23OTS-2_-_Cam_Input_01_-_08-01-21_223800_XVID_72_N.mp4",Normal,Normal,0.3697,0.6303,Yes
"/home/23ucs623/accident/NiAD_Large_Videos/Testing/Normal/23OTS-2_-_Cam_Input_01_-_08-01-21_223800_XVID_58_N.mp4",Normal,Normal,0.3503,0.6497,Yes
"/home/23ucs623/accident/NiAD_Large_Videos/Testing/Normal/23OTS-2_-_Cam_Input_01_-_08-01-21_223800_XVID_73_N.mp4",Normal,Normal,0.3522,0.6478,Yes
"/home/23ucs623/accident/NiAD_Large_Videos/Testing/Normal/23OTS-2_-_Cam_Input_01_-_08-01-21_223800_XVID_59_N.mp4",Normal,Normal,0.3428,0.6572,Yes
"/home/23ucs623/accident/NiAD_Large_Videos/Testing/Normal/23OTS-2_-_Cam_Input_01_-_08-01-21_223800_XVID_74_N.mp4",Normal,Normal,0.3457,0.6543,Yes
"/home/23ucs623/accident/NiAD_Large_Videos/Testing/Normal/23OTS-2_-_Cam_Input_01_-_08-01-21_223800_XVID_5_N.mp4",Normal,Normal,0.3919,0.6081,Yes
"/home/23ucs623/accident/NiAD_Large_Videos/Testing/Normal/23OTS-2_-_Cam_Input_01_-_08-01-21_223800_XVID_75_N.mp4",Normal,Normal,0.3250,0.6750,Yes
"/home/23ucs623/accident/NiAD_Large_Videos/Testing/Normal/23OTS-2_-_Cam_Input_01_-_08-01-21_223800_XVID_60_N.mp4",Normal,Normal,0.3168,0.6832,Yes
"/home/23ucs623/accident/NiAD_Large_Videos/Testing/Normal/23OTS-2_-_Cam_Input_01_-_08-01-21_223800_XVID_61_N.mp4",Normal,Normal,0.3185,0.6815,Yes
"/home/23ucs623/accident/NiAD_Large_Videos/Testing/Normal/23OTS-2_-_Cam_Input_01_-_08-01-21_223800_XVID_76_N.mp4",Normal,Normal,0.3034,0.6966,Yes
"/home/23ucs623/accident/NiAD_Large_Videos/Testing/Normal/23OTS-2_-_Cam_Input_01_-_08-01-21_223800_XVID_62_N.mp4",Normal,Normal,0.3009,0.6991,Yes
"/home/23ucs623/accident/NiAD_Large_Videos/Testing/Normal/23OTS-2_-_Cam_Input_01_-_08-01-21_223800_XVID_79_N.mp4",Normal,Normal,0.3211,0.6789,Yes
"/home/23ucs623/accident/NiAD_Large_Videos/Testing/Normal/23OTS-2_-_Cam_Input_01_-_08-01-21_223800_XVID_63_N.mp4",Normal,Normal,0.3255,0.6745,Yes
"/home/23ucs623/accident/NiAD_Large_Videos/Testing/Normal/23OTS-2_-_Cam_Input_01_-_08-01-21_223800_XVID_77_N.mp4",Normal,Normal,0.3061,0.6939,Yes
"/home/23ucs623/accident/NiAD_Large_Videos/Testing/Normal/23OTS-2_-_Cam_Input_01_-_08-01-21_223800_XVID_78_N.mp4",Normal,Normal,0.3407,0.6593,Yes
"/home/23ucs623/accident/NiAD_Large_Videos/Testing/Normal/23OTS-2_-_Cam_Input_01_-_08-01-21_223800_XVID_7_N.mp4",Normal,Normal,0.3213,0.6787,Yes
"/home/23ucs623/accident/NiAD_Large_Videos/Testing/Normal/23OTS-2_-_Cam_Input_01_-_08-01-21_223800_XVID_80_N.mp4",Normal,Normal,0.3386,0.6614,Yes
"/home/23ucs623/accident/NiAD_Large_Videos/Testing/Normal/23OTS-2_-_Cam_Input_01_-_08-01-21_223800_XVID_81_N.mp4",Normal,Normal,0.3060,0.6940,Yes
"/home/23ucs623/accident/NiAD_Large_Videos/Testing/Normal/23OTS-2_-_Cam_Input_01_-_08-01-21_223800_XVID_82_N.mp4",Normal,Normal,0.2497,0.7503,Yes
"/home/23ucs623/accident/NiAD_Large_Videos/Testing/Normal/23OTS-2_-_Cam_Input_01_-_08-01-21_223800_XVID_83_N.mp4",Normal,Normal,0.2373,0.7627,Yes
"/home/23ucs623/accident/NiAD_Large_Videos/Testing/Normal/23OTS-2_-_Cam_Input_01_-_08-01-21_223800_XVID_84_N.mp4",Normal,Normal,0.2608,0.7392,Yes
"/home/23ucs623/accident/NiAD_Large_Videos/Testing/Normal/23OTS-2_-_Cam_Input_01_-_08-01-21_223800_XVID_85_N.mp4",Normal,Normal,0.2099,0.7901,Yes
"/home/23ucs623/accident/NiAD_Large_Videos/Testing/Normal/23OTS-2_-_Cam_Input_01_-_08-01-21_223800_XVID_86_N.mp4",Normal,Normal,0.2119,0.7881,Yes
"/home/23ucs623/accident/NiAD_Large_Videos/Testing/Normal/23OTS-2_-_Cam_Input_01_-_08-01-21_223800_XVID_87_N.mp4",Normal,Normal,0.2038,0.7962,Yes
"/home/23ucs623/accident/NiAD_Large_Videos/Testing/Normal/23OTS-2_-_Cam_Input_01_-_08-01-21_223800_XVID_88_N.mp4",Normal,Normal,0.2052,0.7948,Yes
"/home/23ucs623/accident/NiAD_Large_Videos/Testing/Normal/23OTS-2_-_Cam_Input_01_-_08-01-21_223800_XVID_89_N.mp4",Normal,Normal,0.2088,0.7912,Yes
"/home/23ucs623/accident/NiAD_Large_Videos/Testing/Normal/23OTS-2_-_Cam_Input_01_-_08-01-21_223800_XVID_8_N.mp4",Normal,Normal,0.3531,0.6469,Yes
"/home/23ucs623/accident/NiAD_Large_Videos/Testing/Normal/23OTS-2_-_Cam_Input_01_-_08-01-21_223800_XVID_90_N.mp4",Normal,Normal,0.2059,0.7941,Yes
"/home/23ucs623/accident/NiAD_Large_Videos/Testing/Normal/23OTS-2_-_Cam_Input_01_-_08-01-21_223800_XVID_91_N.mp4",Normal,Normal,0.1986,0.8014,Yes
"/home/23ucs623/accident/NiAD_Large_Videos/Testing/Normal/23OTS-2_-_Cam_Input_01_-_08-01-21_223800_XVID_92_N.mp4",Normal,Normal,0.1957,0.8043,Yes
"/home/23ucs623/accident/NiAD_Large_Videos/Testing/Normal/23OTS-2_-_Cam_Input_01_-_08-01-21_223800_XVID_93_N.mp4",Normal,Normal,0.2172,0.7828,Yes
"/home/23ucs623/accident/NiAD_Large_Videos/Testing/Normal/23OTS-2_-_Cam_Input_01_-_08-01-21_223800_XVID_94_N.mp4",Normal,Normal,0.2256,0.7744,Yes
"/home/23ucs623/accident/NiAD_Large_Videos/Testing/Normal/23OTS-2_-_Cam_Input_01_-_08-01-21_223800_XVID_95_N.mp4",Normal,Normal,0.2299,0.7701,Yes
"/home/23ucs623/accident/NiAD_Large_Videos/Testing/Normal/23OTS-2_-_Cam_Input_01_-_08-01-21_223800_XVID_96_N.mp4",Normal,Normal,0.2337,0.7663,Yes
"/home/23ucs623/accident/NiAD_Large_Videos/Testing/Normal/23OTS-2_-_Cam_Input_01_-_08-01-21_223800_XVID_97_N.mp4",Normal,Normal,0.2507,0.7493,Yes
"/home/23ucs623/accident/NiAD_Large_Videos/Testing/Normal/23OTS-2_-_Cam_Input_01_-_08-01-21_223800_XVID_98_N.mp4",Normal,Normal,0.2764,0.7236,Yes
"/home/23ucs623/accident/NiAD_Large_Videos/Testing/Normal/23OTS-2_-_Cam_Input_01_-_08-01-21_223800_XVID_99_N.mp4",Normal,Normal,0.2940,0.7060,Yes
"/home/23ucs623/accident/NiAD_Large_Videos/Testing/Normal/23OTS-2_-_Cam_Input_01_-_08-01-21_223800_XVID_9_N.mp4",Normal,Normal,0.3531,0.6469,Yes
"/home/23ucs623/accident/NiAD_Large_Videos/Testing/Accident/000515_2_A.mp4",Accident,Accident,0.6534,0.6534,Yes
"/home/23ucs623/accident/NiAD_Large_Videos/Testing/Accident/000515_2_A_bright.mp4",Accident,Accident,0.6951,0.6951,Yes
"/home/23ucs623/accident/NiAD_Large_Videos/Testing/Accident/000515_2_A_flip.mp4",Accident,Accident,0.7130,0.7130,Yes
"/home/23ucs623/accident/NiAD_Large_Videos/Testing/Accident/000515_2_A_shift_left.mp4",Accident,Accident,0.6519,0.6519,Yes
"/home/23ucs623/accident/NiAD_Large_Videos/Testing/Accident/000515_3_A.mp4",Accident,Accident,0.6967,0.6967,Yes
"/home/23ucs623/accident/NiAD_Large_Videos/Testing/Accident/000515_3_A_bright.mp4",Accident,Accident,0.7417,0.7417,Yes
"/home/23ucs623/accident/NiAD_Large_Videos/Testing/Accident/000515_3_A_flip.mp4",Accident,Accident,0.7282,0.7282,Yes
"/home/23ucs623/accident/NiAD_Large_Videos/Testing/Accident/000515_3_A_shift_left.mp4",Accident,Accident,0.6892,0.6892,Yes
"/home/23ucs623/accident/NiAD_Large_Videos/Testing/Accident/000516_3_A.mp4",Accident,Accident,0.6297,0.6297,Yes
"/home/23ucs623/accident/NiAD_Large_Videos/Testing/Accident/000516_3_A_bright.mp4",Accident,Accident,0.6167,0.6167,Yes
"/home/23ucs623/accident/NiAD_Large_Videos/Testing/Accident/000516_3_A_flip.mp4",Accident,Normal,0.4817,0.5183,No
"/home/23ucs623/accident/NiAD_Large_Videos/Testing/Accident/000516_3_A_shift_left.mp4",Accident,Accident,0.6282,0.6282,Yes
"/home/23ucs623/accident/NiAD_Large_Videos/Testing/Accident/000516_4_A.mp4",Accident,Accident,0.6355,0.6355,Yes
"/home/23ucs623/accident/NiAD_Large_Videos/Testing/Accident/000516_4_A_bright.mp4",Accident,Accident,0.6354,0.6354,Yes
"/home/23ucs623/accident/NiAD_Large_Videos/Testing/Accident/000516_4_A_flip.mp4",Accident,Accident,0.5011,0.5011,Yes
"/home/23ucs623/accident/NiAD_Large_Videos/Testing/Accident/000516_4_A_shift_left.mp4",Accident,Accident,0.6141,0.6141,Yes
"/home/23ucs623/accident/NiAD_Large_Videos/Testing/Accident/000567_3_A.mp4",Accident,Accident,0.6746,0.6746,Yes
"/home/23ucs623/accident/NiAD_Large_Videos/Testing/Accident/000567_3_A_bright.mp4",Accident,Accident,0.6820,0.6820,Yes
"/home/23ucs623/accident/NiAD_Large_Videos/Testing/Accident/000567_3_A_flip.mp4",Accident,Accident,0.6509,0.6509,Yes
"/home/23ucs623/accident/NiAD_Large_Videos/Testing/Accident/000567_3_A_shift_left.mp4",Accident,Accident,0.6648,0.6648,Yes
"/home/23ucs623/accident/NiAD_Large_Videos/Testing/Accident/000567_4_A.mp4",Accident,Accident,0.7046,0.7046,Yes
"/home/23ucs623/accident/NiAD_Large_Videos/Testing/Accident/000567_4_A_bright.mp4",Accident,Accident,0.7248,0.7248,Yes
"/home/23ucs623/accident/NiAD_Large_Videos/Testing/Accident/000567_4_A_flip.mp4",Accident,Accident,0.6778,0.6778,Yes
"/home/23ucs623/accident/NiAD_Large_Videos/Testing/Accident/000567_4_A_shift_left.mp4",Accident,Accident,0.6835,0.6835,Yes
"/home/23ucs623/accident/NiAD_Large_Videos/Testing/Accident/000585_3_A.mp4",Accident,Accident,0.7155,0.7155,Yes
"/home/23ucs623/accident/NiAD_Large_Videos/Testing/Accident/000585_3_A_bright.mp4",Accident,Accident,0.7190,0.7190,Yes
"/home/23ucs623/accident/NiAD_Large_Videos/Testing/Accident/000585_3_A_flip.mp4",Accident,Accident,0.7030,0.7030,Yes
"/home/23ucs623/accident/NiAD_Large_Videos/Testing/Accident/000585_3_A_shift_left.mp4",Accident,Accident,0.7184,0.7184,Yes
"/home/23ucs623/accident/NiAD_Large_Videos/Testing/Accident/000585_4_A.mp4",Accident,Accident,0.7101,0.7101,Yes
"/home/23ucs623/accident/NiAD_Large_Videos/Testing/Accident/000585_4_A_bright.mp4",Accident,Accident,0.7349,0.7349,Yes
"/home/23ucs623/accident/NiAD_Large_Videos/Testing/Accident/000585_4_A_flip.mp4",Accident,Accident,0.6595,0.6595,Yes
"/home/23ucs623/accident/NiAD_Large_Videos/Testing/Accident/000585_4_A_shift_left.mp4",Accident,Accident,0.7191,0.7191,Yes
"/home/23ucs623/accident/NiAD_Large_Videos/Testing/Accident/000589_3_A.mp4",Accident,Accident,0.6066,0.6066,Yes
"/home/23ucs623/accident/NiAD_Large_Videos/Testing/Accident/000589_3_A_bright.mp4",Accident,Accident,0.6017,0.6017,Yes
"/home/23ucs623/accident/NiAD_Large_Videos/Testing/Accident/000589_3_A_flip.mp4",Accident,Accident,0.5253,0.5253,Yes
"/home/23ucs623/accident/NiAD_Large_Videos/Testing/Accident/000589_3_A_shift_left.mp4",Accident,Accident,0.6115,0.6115,Yes
"/home/23ucs623/accident/NiAD_Large_Videos/Testing/Accident/000600_3_A.mp4",Accident,Accident,0.5458,0.5458,Yes
"/home/23ucs623/accident/NiAD_Large_Videos/Testing/Accident/000600_3_A_bright.mp4",Accident,Accident,0.5682,0.5682,Yes
"/home/23ucs623/accident/NiAD_Large_Videos/Testing/Accident/000600_3_A_flip.mp4",Accident,Normal,0.4532,0.5468,No
"/home/23ucs623/accident/NiAD_Large_Videos/Testing/Accident/000600_3_A_shift_left.mp4",Accident,Accident,0.5479,0.5479,Yes
"/home/23ucs623/accident/NiAD_Large_Videos/Testing/Accident/000600_4_A.mp4",Accident,Accident,0.5609,0.5609,Yes
"/home/23ucs623/accident/NiAD_Large_Videos/Testing/Accident/000600_4_A_bright.mp4",Accident,Accident,0.5815,0.5815,Yes
"/home/23ucs623/accident/NiAD_Large_Videos/Testing/Accident/000600_4_A_flip.mp4",Accident,Normal,0.4779,0.5221,No
"/home/23ucs623/accident/NiAD_Large_Videos/Testing/Accident/000600_4_A_shift_left.mp4",Accident,Accident,0.5585,0.5585,Yes
"/home/23ucs623/accident/NiAD_Large_Videos/Testing/Accident/04NGOVTHOSTEL-2_-_Cam_Input_01_-_01-05-22_042304_XVID_3_A_shift_left.mp4",Accident,Accident,0.5360,0.5360,Yes
"/home/23ucs623/accident/NiAD_Large_Videos/Testing/Accident/04NGOVTHOSTEL-2_-_Cam_Input_01_-_01-05-22_042304_XVID_3_A.mp4",Accident,Accident,0.5534,0.5534,Yes
"/home/23ucs623/accident/NiAD_Large_Videos/Testing/Accident/04NGOVTHOSTEL-2_-_Cam_Input_01_-_01-05-22_042304_XVID_3_A_flip.mp4",Accident,Normal,0.4140,0.5860,No
"/home/23ucs623/accident/NiAD_Large_Videos/Testing/Accident/04NGOVTHOSTEL-2_-_Cam_Input_01_-_01-05-22_042304_XVID_3_A_bright.mp4",Accident,Accident,0.5321,0.5321,Yes
"/home/23ucs623/accident/NiAD_Large_Videos/Testing/Accident/23OTS-2_-_Cam_Input_01_-_08-01-21_223800_XVID_15_A_bright.mp4",Accident,Normal,0.4843,0.5157,No
"/home/23ucs623/accident/NiAD_Large_Videos/Testing/Accident/04NGOVTHOSTEL-2_-_Cam_Input_01_-_01-05-22_042304_XVID_4_A.mp4",Accident,Accident,0.5638,0.5638,Yes
"/home/23ucs623/accident/NiAD_Large_Videos/Testing/Accident/04NGOVTHOSTEL-2_-_Cam_Input_01_-_01-05-22_042304_XVID_4_A_bright.mp4",Accident,Accident,0.5364,0.5364,Yes
"/home/23ucs623/accident/NiAD_Large_Videos/Testing/Accident/04NGOVTHOSTEL-2_-_Cam_Input_01_-_01-05-22_042304_XVID_4_A_flip.mp4",Accident,Normal,0.4239,0.5761,No
"/home/23ucs623/accident/NiAD_Large_Videos/Testing/Accident/04NGOVTHOSTEL-2_-_Cam_Input_01_-_01-05-22_042304_XVID_4_A_shift_left.mp4",Accident,Accident,0.5298,0.5298,Yes
"/home/23ucs623/accident/NiAD_Large_Videos/Testing/Accident/04wGOVTHOSTEL_-_Cam_Input_01_-_01-05-22_042304_XVID_3_A.mp4",Accident,Accident,0.6444,0.6444,Yes
"/home/23ucs623/accident/NiAD_Large_Videos/Testing/Accident/04wGOVTHOSTEL_-_Cam_Input_01_-_01-05-22_042304_XVID_3_A_bright.mp4",Accident,Accident,0.6799,0.6799,Yes
"/home/23ucs623/accident/NiAD_Large_Videos/Testing/Accident/04wGOVTHOSTEL_-_Cam_Input_01_-_01-05-22_042304_XVID_3_A_flip.mp4",Accident,Accident,0.6658,0.6658,Yes
"/home/23ucs623/accident/NiAD_Large_Videos/Testing/Accident/04wGOVTHOSTEL_-_Cam_Input_01_-_01-05-22_042304_XVID_3_A_shift_left.mp4",Accident,Accident,0.6664,0.6664,Yes
"/home/23ucs623/accident/NiAD_Large_Videos/Testing/Accident/04wGOVTHOSTEL_-_Cam_Input_01_-_01-05-22_042304_XVID_4_A.mp4",Accident,Accident,0.6451,0.6451,Yes
"/home/23ucs623/accident/NiAD_Large_Videos/Testing/Accident/04wGOVTHOSTEL_-_Cam_Input_01_-_01-05-22_042304_XVID_4_A_bright.mp4",Accident,Accident,0.6718,0.6718,Yes
"/home/23ucs623/accident/NiAD_Large_Videos/Testing/Accident/04wGOVTHOSTEL_-_Cam_Input_01_-_01-05-22_042304_XVID_4_A_flip.mp4",Accident,Accident,0.6269,0.6269,Yes
"/home/23ucs623/accident/NiAD_Large_Videos/Testing/Accident/04wGOVTHOSTEL_-_Cam_Input_01_-_01-05-22_042304_XVID_4_A_shift_left.mp4",Accident,Accident,0.6594,0.6594,Yes
"/home/23ucs623/accident/NiAD_Large_Videos/Testing/Accident/04wGOVTHOSTEL_-_Cam_Input_01_-_11-10-19_045345_XVID_6_A.mp4",Accident,Normal,0.4056,0.5944,No
"/home/23ucs623/accident/NiAD_Large_Videos/Testing/Accident/04wGOVTHOSTEL_-_Cam_Input_01_-_11-10-19_045345_XVID_6_A_bright.mp4",Accident,Normal,0.4676,0.5324,No
"/home/23ucs623/accident/NiAD_Large_Videos/Testing/Accident/04wGOVTHOSTEL_-_Cam_Input_01_-_11-10-19_045345_XVID_6_A_flip.mp4",Accident,Normal,0.4676,0.5324,No
"/home/23ucs623/accident/NiAD_Large_Videos/Testing/Accident/04wGOVTHOSTEL_-_Cam_Input_01_-_11-10-19_045345_XVID_6_A_shift_left.mp4",Accident,Normal,0.3683,0.6317,No
"/home/23ucs623/accident/NiAD_Large_Videos/Testing/Accident/04wGOVTHOSTEL_-_Cam_Input_01_-_11-10-19_045345_XVID_7_A.mp4",Accident,Normal,0.4428,0.5572,No
"/home/23ucs623/accident/NiAD_Large_Videos/Testing/Accident/04wGOVTHOSTEL_-_Cam_Input_01_-_11-10-19_045345_XVID_7_A_bright.mp4",Accident,Accident,0.5080,0.5080,Yes
"/home/23ucs623/accident/NiAD_Large_Videos/Testing/Accident/04wGOVTHOSTEL_-_Cam_Input_01_-_11-10-19_045345_XVID_7_A_flip.mp4",Accident,Normal,0.4710,0.5290,No
"/home/23ucs623/accident/NiAD_Large_Videos/Testing/Accident/04wGOVTHOSTEL_-_Cam_Input_01_-_11-10-19_045345_XVID_7_A_shift_left.mp4",Accident,Normal,0.4402,0.5598,No
"/home/23ucs623/accident/NiAD_Large_Videos/Testing/Accident/04wGOVTHOSTEL_-_Cam_Input_01_-_11-10-19_045345_XVID_8_A.mp4",Accident,Normal,0.4635,0.5365,No
"/home/23ucs623/accident/NiAD_Large_Videos/Testing/Accident/04wGOVTHOSTEL_-_Cam_Input_01_-_11-10-19_045345_XVID_8_A_bright.mp4",Accident,Accident,0.5205,0.5205,Yes
"/home/23ucs623/accident/NiAD_Large_Videos/Testing/Accident/04wGOVTHOSTEL_-_Cam_Input_01_-_11-10-19_045345_XVID_8_A_flip.mp4",Accident,Accident,0.5139,0.5139,Yes
"/home/23ucs623/accident/NiAD_Large_Videos/Testing/Accident/04wGOVTHOSTEL_-_Cam_Input_01_-_11-10-19_045345_XVID_8_A_shift_left.mp4",Accident,Normal,0.4865,0.5135,No
"/home/23ucs623/accident/NiAD_Large_Videos/Testing/Accident/04wGOVTHOSTEL_-_Cam_Input_01_-_11-10-19_045345_XVID_9_A.mp4",Accident,Normal,0.4159,0.5841,No
"/home/23ucs623/accident/NiAD_Large_Videos/Testing/Accident/04wGOVTHOSTEL_-_Cam_Input_01_-_11-10-19_045345_XVID_9_A_bright.mp4",Accident,Normal,0.4508,0.5492,No
"/home/23ucs623/accident/NiAD_Large_Videos/Testing/Accident/04wGOVTHOSTEL_-_Cam_Input_01_-_11-10-19_045345_XVID_9_A_flip.mp4",Accident,Normal,0.4662,0.5338,No
"/home/23ucs623/accident/NiAD_Large_Videos/Testing/Accident/04wGOVTHOSTEL_-_Cam_Input_01_-_11-10-19_045345_XVID_9_A_shift_left.mp4",Accident,Normal,0.3995,0.6005,No
"/home/23ucs623/accident/NiAD_Large_Videos/Testing/Accident/23OTS-2_-_Cam_Input_01_-_08-01-21_223800_XVID_14_A.mp4",Accident,Normal,0.3281,0.6719,No
"/home/23ucs623/accident/NiAD_Large_Videos/Testing/Accident/23OTS-2_-_Cam_Input_01_-_08-01-21_223800_XVID_14_A_bright.mp4",Accident,Normal,0.4726,0.5274,No
"/home/23ucs623/accident/NiAD_Large_Videos/Testing/Accident/23OTS-2_-_Cam_Input_01_-_08-01-21_223800_XVID_14_A_flip.mp4",Accident,Normal,0.4198,0.5802,No
"/home/23ucs623/accident/NiAD_Large_Videos/Testing/Accident/23OTS-2_-_Cam_Input_01_-_08-01-21_223800_XVID_14_A_shift_left.mp4",Accident,Normal,0.3394,0.6606,No
"/home/23ucs623/accident/NiAD_Large_Videos/Testing/Accident/23OTS-2_-_Cam_Input_01_-_08-01-21_223800_XVID_15_A.mp4",Accident,Normal,0.3772,0.6228,No
"/home/23ucs623/accident/NiAD_Large_Videos/Testing/Accident/23OTS-2_-_Cam_Input_01_-_08-01-21_223800_XVID_15_A_flip.mp4",Accident,Normal,0.4024,0.5976,No
"/home/23ucs623/accident/NiAD_Large_Videos/Testing/Accident/23OTS-2_-_Cam_Input_01_-_08-01-21_223800_XVID_15_A_shift_left.mp4",Accident,Normal,0.3211,0.6789,No
"/home/23ucs623/accident/NiAD_Large_Videos/Testing/Accident/23OTS-2_-_Cam_Input_01_-_08-01-21_223800_XVID_16_A.mp4",Accident,Normal,0.4052,0.5948,No
"/home/23ucs623/accident/NiAD_Large_Videos/Testing/Accident/23OTS-2_-_Cam_Input_01_-_08-01-21_223800_XVID_16_A_bright.mp4",Accident,Accident,0.5065,0.5065,Yes
"/home/23ucs623/accident/NiAD_Large_Videos/Testing/Accident/23OTS-2_-_Cam_Input_01_-_08-01-21_223800_XVID_16_A_flip.mp4",Accident,Normal,0.4363,0.5637,No
"/home/23ucs623/accident/NiAD_Large_Videos/Testing/Accident/23OTS-2_-_Cam_Input_01_-_08-01-21_223800_XVID_16_A_shift_left.mp4",Accident,Normal,0.3122,0.6878,No
